word: ,a, amount: ,378
word: ,ab, amount: ,1
word: ,aberdeen, amount: ,1
word: ,about, amount: ,7
word: ,abroad, amount: ,1
word: ,abta, amount: ,3
word: ,abus, amount: ,1
word: ,ac, amount: ,4
word: ,access, amount: ,8
word: ,accid, amount: ,2
word: ,accommod, amount: ,1
word: ,accommodationvouch, amount: ,1
word: ,accordingli, amount: ,1
word: ,account, amount: ,19
word: ,aclpm, amount: ,2
word: ,acoentri, amount: ,2
word: ,acsmsreward, amount: ,1
word: ,action, amount: ,4
word: ,activ, amount: ,8
word: ,acwicmbcktzr, amount: ,1
word: ,ad, amount: ,4
word: ,adam, amount: ,2
word: ,addamsfa, amount: ,2
word: ,address, amount: ,4
word: ,admir, amount: ,10
word: ,adp, amount: ,1
word: ,adrian, amount: ,1
word: ,adult, amount: ,4
word: ,advis, amount: ,3
word: ,advisor, amount: ,1
word: ,ae, amount: ,4
word: ,afraid, amount: ,1
word: ,after, amount: ,5
word: ,ag, amount: ,2
word: ,again, amount: ,3
word: ,age, amount: ,16
word: ,agent, amount: ,1
word: ,ageppermesssubscript, amount: ,1
word: ,agreen, amount: ,1
word: ,airport, amount: ,1
word: ,aj, amount: ,2
word: ,akonlon, amount: ,1
word: ,alert, amount: ,5
word: ,alertfrom, amount: ,1
word: ,alfi, amount: ,3
word: ,algarv, amount: ,2
word: ,all, amount: ,28
word: ,allow, amount: ,1
word: ,alon, amount: ,3
word: ,along, amount: ,1
word: ,alreadi, amount: ,1
word: ,also, amount: ,3
word: ,am, amount: ,14
word: ,amanda, amount: ,1
word: ,amaz, amount: ,3
word: ,ami, amount: ,1
word: ,among, amount: ,2
word: ,ampm, amount: ,12
word: ,an, amount: ,28
word: ,and, amount: ,122
word: ,anetwork, amount: ,1
word: ,ani, amount: ,25
word: ,anim, amount: ,1
word: ,annonc, amount: ,1
word: ,announc, amount: ,6
word: ,anonym, amount: ,1
word: ,anoth, amount: ,2
word: ,ansr, amount: ,4
word: ,answer, amount: ,8
word: ,anyon, amount: ,1
word: ,anytim, amount: ,12
word: ,aom, amount: ,2
word: ,app, amount: ,4
word: ,appli, amount: ,30
word: ,approx, amount: ,1
word: ,apr, amount: ,1
word: ,arcad, amount: ,6
word: ,are, amount: ,80
word: ,area, amount: ,8
word: ,ari, amount: ,1
word: ,around, amount: ,2
word: ,arrang, amount: ,2
word: ,arriv, amount: ,6
word: ,arrow, amount: ,1
word: ,arsen, amount: ,3
word: ,artist, amount: ,1
word: ,as, amount: ,33
word: ,asap, amount: ,6
word: ,asian, amount: ,1
word: ,ask, amount: ,6
word: ,at, amount: ,26
word: ,attempt, amount: ,22
word: ,auction, amount: ,16
word: ,august, amount: ,2
word: ,australia, amount: ,1
word: ,avail, amount: ,3
word: ,availa, amount: ,1
word: ,avbl, amount: ,1
word: ,ave, amount: ,3
word: ,await, amount: ,27
word: ,award, amount: ,67
word: ,away, amount: ,4
word: ,b, amount: ,21
word: ,babe, amount: ,10
word: ,babi, amount: ,2
word: ,babygoodby, amount: ,1
word: ,back, amount: ,23
word: ,backdoor, amount: ,1
word: ,bad, amount: ,1
word: ,badass, amount: ,1
word: ,bahama, amount: ,4
word: ,bailiff, amount: ,1
word: ,balanc, amount: ,2
word: ,ball, amount: ,1
word: ,ban, amount: ,1
word: ,band, amount: ,1
word: ,bangb, amount: ,1
word: ,bangbab, amount: ,1
word: ,bank, amount: ,2
word: ,banneduk, amount: ,1
word: ,bannfwflyppm, amount: ,1
word: ,barbi, amount: ,1
word: ,barkley, amount: ,1
word: ,barri, amount: ,1
word: ,bbc, amount: ,1
word: ,bbdelux, amount: ,1
word: ,bblue, amount: ,1
word: ,bcm, amount: ,3
word: ,bcmsfwcnxx, amount: ,1
word: ,bcmwcnxx, amount: ,2
word: ,be, amount: ,58
word: ,bear, amount: ,2
word: ,becaus, amount: ,2
word: ,becausethey, amount: ,1
word: ,becom, amount: ,1
word: ,bedroom, amount: ,1
word: ,been, amount: ,43
word: ,befor, amount: ,5
word: ,beg, amount: ,1
word: ,begin, amount: ,1
word: ,believ, amount: ,2
word: ,ben, amount: ,1
word: ,benefit, amount: ,1
word: ,bergkamp, amount: ,1
word: ,best, amount: ,9
word: ,better, amount: ,1
word: ,between, amount: ,10
word: ,bewar, amount: ,1
word: ,bid, amount: ,8
word: ,big, amount: ,2
word: ,biggest, amount: ,3
word: ,bill, amount: ,7
word: ,bin, amount: ,1
word: ,bird, amount: ,1
word: ,birthday, amount: ,1
word: ,bitch, amount: ,1
word: ,biz, amount: ,1
word: ,black, amount: ,1
word: ,blind, amount: ,2
word: ,block, amount: ,1
word: ,bloke, amount: ,1
word: ,blond, amount: ,2
word: ,bloomberg, amount: ,2
word: ,bloombergcom, amount: ,2
word: ,blow, amount: ,2
word: ,blu, amount: ,2
word: ,bluetooth, amount: ,9
word: ,bluetoothhdset, amount: ,1
word: ,bob, amount: ,1
word: ,boltblu, amount: ,1
word: ,bonu, amount: ,21
word: ,book, amount: ,6
word: ,bookmark, amount: ,1
word: ,bootydeli, amount: ,1
word: ,bore, amount: ,4
word: ,borin, amount: ,1
word: ,bought, amount: ,1
word: ,bout, amount: ,1
word: ,box, amount: ,45
word: ,boxcpm, amount: ,1
word: ,boxm, amount: ,1
word: ,boxnqp, amount: ,3
word: ,boxqu, amount: ,3
word: ,boxskch, amount: ,2
word: ,boxskwpppm, amount: ,1
word: ,boxwrc, amount: ,1
word: ,boy, amount: ,2
word: ,brand, amount: ,4
word: ,bray, amount: ,2
word: ,break, amount: ,5
word: ,breaker, amount: ,1
word: ,breath, amount: ,2
word: ,bring, amount: ,2
word: ,british, amount: ,2
word: ,britney, amount: ,2
word: ,brother, amount: ,1
word: ,brought, amount: ,2
word: ,brows, amount: ,1
word: ,bt, amount: ,5
word: ,btnation, amount: ,2
word: ,btnationalr, amount: ,8
word: ,btooth, amount: ,2
word: ,bu, amount: ,1
word: ,buddi, amount: ,1
word: ,buffi, amount: ,1
word: ,bulb, amount: ,2
word: ,bundl, amount: ,1
word: ,burger, amount: ,2
word: ,burn, amount: ,1
word: ,busi, amount: ,2
word: ,busti, amount: ,1
word: ,but, amount: ,7
word: ,buy, amount: ,3
word: ,bx, amount: ,6
word: ,bxipw, amount: ,3
word: ,by, amount: ,36
word: ,c, amount: ,23
word: ,call, amount: ,369
word: ,callback, amount: ,3
word: ,callcost, amount: ,2
word: ,caller, amount: ,12
word: ,callfreefon, amount: ,2
word: ,calloptout, amount: ,2
word: ,calloptoutfq, amount: ,1
word: ,calloptouthf, amount: ,1
word: ,calloptoutj, amount: ,1
word: ,calloptoutjq, amount: ,1
word: ,calloptoutlf, amount: ,2
word: ,calloptoutndx, amount: ,2
word: ,calloptoutqf, amount: ,1
word: ,calloptoutyhl, amount: ,1
word: ,callsminmobsmor, amount: ,1
word: ,callsminmobsmorelkpoboxhpfl, amount: ,2
word: ,callsminmoremobsemspoboxpowa, amount: ,2
word: ,callsppm, amount: ,1
word: ,cam, amount: ,2
word: ,camcord, amount: ,15
word: ,came, amount: ,1
word: ,camera, amount: ,33
word: ,cameravideo, amount: ,2
word: ,can, amount: ,29
word: ,canari, amount: ,2
word: ,cancel, amount: ,5
word: ,cannam, amount: ,1
word: ,cant, amount: ,5
word: ,capit, amount: ,1
word: ,card, amount: ,4
word: ,care, amount: ,7
word: ,career, amount: ,1
word: ,carli, amount: ,1
word: ,cash, amount: ,62
word: ,cashbal, amount: ,7
word: ,cashbincouk, amount: ,1
word: ,cashin, amount: ,7
word: ,cashto, amount: ,2
word: ,cast, amount: ,1
word: ,cc, amount: ,6
word: ,ccpmin, amount: ,1
word: ,cd, amount: ,13
word: ,cdgt, amount: ,2
word: ,celeb, amount: ,3
word: ,center, amount: ,2
word: ,cfcaa, amount: ,1
word: ,cha, amount: ,2
word: ,challeng, amount: ,1
word: ,champney, amount: ,1
word: ,chanc, amount: ,29
word: ,chang, amount: ,1
word: ,channel, amount: ,2
word: ,chap, amount: ,1
word: ,charg, amount: ,23
word: ,chargedpmsg, amount: ,1
word: ,chariti, amount: ,9
word: ,chart, amount: ,3
word: ,chase, amount: ,1
word: ,chat, amount: ,45
word: ,chatim, amount: ,1
word: ,chatlin, amount: ,1
word: ,chatter, amount: ,1
word: ,cheap, amount: ,4
word: ,cheaper, amount: ,2
word: ,check, amount: ,4
word: ,chg, amount: ,2
word: ,chik, amount: ,1
word: ,child, amount: ,1
word: ,children, amount: ,3
word: ,chitchat, amount: ,1
word: ,chloe, amount: ,1
word: ,choic, amount: ,3
word: ,choos, amount: ,10
word: ,chosen, amount: ,3
word: ,chrgdp, amount: ,1
word: ,christma, amount: ,1
word: ,cinema, amount: ,3
word: ,citi, amount: ,3
word: ,claim, amount: ,115
word: ,claimcod, amount: ,1
word: ,clair, amount: ,2
word: ,class, amount: ,2
word: ,classic, amount: ,1
word: ,click, amount: ,5
word: ,clip, amount: ,1
word: ,close, amount: ,4
word: ,closingd, amount: ,1
word: ,club, amount: ,20
word: ,clubmobilescom, amount: ,1
word: ,cm, amount: ,4
word: ,cmon, amount: ,1
word: ,cncl, amount: ,1
word: ,cnl, amount: ,1
word: ,co, amount: ,5
word: ,cocacola, amount: ,1
word: ,cock, amount: ,1
word: ,code, amount: ,29
word: ,codexx, amount: ,1
word: ,coincid, amount: ,1
word: ,colin, amount: ,1
word: ,collect, amount: ,50
word: ,colour, amount: ,18
word: ,colourredtextcolourtxtstar, amount: ,1
word: ,come, amount: ,5
word: ,commun, amount: ,2
word: ,comp, amount: ,10
word: ,compani, amount: ,3
word: ,compar, amount: ,2
word: ,compens, amount: ,1
word: ,competit, amount: ,3
word: ,complementari, amount: ,1
word: ,complet, amount: ,2
word: ,complimentari, amount: ,12
word: ,comput, amount: ,5
word: ,comuk, amount: ,3
word: ,comukcm, amount: ,1
word: ,conact, amount: ,1
word: ,concert, amount: ,1
word: ,condit, amount: ,5
word: ,confirm, amount: ,1
word: ,congrat, amount: ,10
word: ,congratul, amount: ,14
word: ,connect, amount: ,4
word: ,consol, amount: ,2
word: ,contact, amount: ,61
word: ,content, amount: ,14
word: ,continu, amount: ,1
word: ,contract, amount: ,4
word: ,cool, amount: ,1
word: ,coolmob, amount: ,1
word: ,cop, amount: ,1
word: ,cornwal, amount: ,2
word: ,correct, amount: ,4
word: ,cost, amount: ,28
word: ,costa, amount: ,7
word: ,costmax, amount: ,1
word: ,costpm, amount: ,6
word: ,could, amount: ,7
word: ,countri, amount: ,4
word: ,coupl, amount: ,1
word: ,cr, amount: ,7
word: ,crazi, amount: ,5
word: ,crazyin, amount: ,1
word: ,crbt, amount: ,2
word: ,creat, amount: ,1
word: ,cred, amount: ,1
word: ,credit, amount: ,19
word: ,cro, amount: ,1
word: ,cross, amount: ,3
word: ,croydon, amount: ,7
word: ,cruis, amount: ,2
word: ,cs, amount: ,14
word: ,csh, amount: ,2
word: ,cst, amount: ,1
word: ,cum, amount: ,5
word: ,cumin, amount: ,1
word: ,cup, amount: ,5
word: ,current, amount: ,12
word: ,cust, amount: ,4
word: ,custcar, amount: ,10
word: ,custom, amount: ,51
word: ,customercar, amount: ,1
word: ,customersqueriesnetvisionukcom, amount: ,1
word: ,cute, amount: ,1
word: ,cwwx, amount: ,4
word: ,d, amount: ,4
word: ,da, amount: ,1
word: ,daili, amount: ,4
word: ,dark, amount: ,1
word: ,darkest, amount: ,1
word: ,darl, amount: ,2
word: ,dartboard, amount: ,1
word: ,date, amount: ,27
word: ,dateboxessexcmxn, amount: ,2
word: ,datingi, amount: ,1
word: ,dave, amount: ,2
word: ,day, amount: ,36
word: ,dayfind, amount: ,2
word: ,daytim, amount: ,1
word: ,deal, amount: ,1
word: ,dear, amount: ,16
word: ,decemb, amount: ,5
word: ,deck, amount: ,1
word: ,deepest, amount: ,1
word: ,definit, amount: ,1
word: ,del, amount: ,9
word: ,deliv, amount: ,4
word: ,deliveredtomorrow, amount: ,3
word: ,deliveri, amount: ,21
word: ,deltomorrow, amount: ,1
word: ,delux, amount: ,1
word: ,dena, amount: ,1
word: ,dept, amount: ,1
word: ,detail, amount: ,8
word: ,detroit, amount: ,1
word: ,devil, amount: ,1
word: ,di, amount: ,2
word: ,dial, amount: ,1
word: ,diall, amount: ,1
word: ,dick, amount: ,1
word: ,did, amount: ,2
word: ,die, amount: ,1
word: ,digit, amount: ,9
word: ,dine, amount: ,1
word: ,direct, amount: ,10
word: ,dirti, amount: ,1
word: ,dirtiest, amount: ,1
word: ,disast, amount: ,1
word: ,discount, amount: ,9
word: ,discreet, amount: ,2
word: ,divorc, amount: ,1
word: ,dizze, amount: ,1
word: ,dload, amount: ,5
word: ,do, amount: ,23
word: ,dob, amount: ,1
word: ,doe, amount: ,3
word: ,dog, amount: ,12
word: ,doggin, amount: ,1
word: ,dointerest, amount: ,1
word: ,donat, amount: ,2
word: ,done, amount: ,4
word: ,dont, amount: ,22
word: ,dontcha, amount: ,1
word: ,door, amount: ,1
word: ,dorothykiefercom, amount: ,1
word: ,dot, amount: ,2
word: ,doubl, amount: ,18
word: ,doublemin, amount: ,1
word: ,doubletxt, amount: ,1
word: ,down, amount: ,1
word: ,download, amount: ,7
word: ,dozen, amount: ,1
word: ,dp, amount: ,1
word: ,dracula, amount: ,2
word: ,draw, amount: ,39
word: ,drawpleas, amount: ,1
word: ,dream, amount: ,3
word: ,drink, amount: ,2
word: ,drive, amount: ,2
word: ,drop, amount: ,2
word: ,drvgsto, amount: ,1
word: ,duchess, amount: ,2
word: ,due, amount: ,2
word: ,dure, amount: ,1
word: ,dvd, amount: ,7
word: ,e, amount: ,7
word: ,ea, amount: ,1
word: ,each, amount: ,8
word: ,easi, amount: ,13
word: ,eastend, amount: ,2
word: ,easter, amount: ,1
word: ,eca, amount: ,4
word: ,echo, amount: ,1
word: ,ecstaci, amount: ,1
word: ,eeri, amount: ,5
word: ,efreefon, amount: ,1
word: ,eg, amount: ,12
word: ,egf, amount: ,1
word: ,egg, amount: ,1
word: ,ehrr, amount: ,1
word: ,eir, amount: ,2
word: ,either, amount: ,10
word: ,els, amount: ,1
word: ,elvi, amount: ,1
word: ,em, amount: ,1
word: ,email, amount: ,2
word: ,end, amount: ,28
word: ,energi, amount: ,3
word: ,eng, amount: ,4
word: ,england, amount: ,9
word: ,enjoy, amount: ,12
word: ,enough, amount: ,2
word: ,enter, amount: ,16
word: ,entitl, amount: ,8
word: ,entri, amount: ,26
word: ,envelop, amount: ,2
word: ,er, amount: ,1
word: ,erot, amount: ,1
word: ,error, amount: ,1
word: ,etc, amount: ,7
word: ,euro, amount: ,8
word: ,eurodisinc, amount: ,2
word: ,europ, amount: ,1
word: ,eve, amount: ,5
word: ,even, amount: ,7
word: ,ever, amount: ,3
word: ,everi, amount: ,33
word: ,everyon, amount: ,2
word: ,excit, amount: ,4
word: ,exit, amount: ,1
word: ,exorcist, amount: ,2
word: ,exp, amount: ,1
word: ,experiencehttpwwwvouchmecometlpdiningasp, amount: ,1
word: ,expir, amount: ,18
word: ,expiri, amount: ,1
word: ,explicit, amount: ,2
word: ,explos, amount: ,2
word: ,extra, amount: ,7
word: ,extrem, amount: ,1
word: ,eye, amount: ,2
word: ,eyeddont, amount: ,1
word: ,ez, amount: ,1
word: ,f, amount: ,10
word: ,fa, amount: ,4
word: ,fact, amount: ,1
word: ,fail, amount: ,1
word: ,fall, amount: ,1
word: ,fan, amount: ,1
word: ,fanci, amount: ,12
word: ,fantasi, amount: ,11
word: ,fantast, amount: ,7
word: ,farrel, amount: ,1
word: ,fast, amount: ,1
word: ,faster, amount: ,1
word: ,fastest, amount: ,2
word: ,featur, amount: ,1
word: ,feb, amount: ,1
word: ,feel, amount: ,2
word: ,femal, amount: ,1
word: ,fgkslpo, amount: ,1
word: ,fgkslpopw, amount: ,1
word: ,fifa, amount: ,1
word: ,fil, amount: ,2
word: ,film, amount: ,4
word: ,filth, amount: ,1
word: ,filthi, amount: ,2
word: ,filthyguy, amount: ,1
word: ,final, amount: ,17
word: ,find, amount: ,23
word: ,finest, amount: ,1
word: ,fink, amount: ,1
word: ,first, amount: ,6
word: ,fit, amount: ,1
word: ,five, amount: ,3
word: ,fix, amount: ,2
word: ,fixedlin, amount: ,2
word: ,flag, amount: ,9
word: ,flight, amount: ,7
word: ,flirt, amount: ,5
word: ,floppi, amount: ,1
word: ,flower, amount: ,3
word: ,flyng, amount: ,1
word: ,fml, amount: ,2
word: ,fmyou, amount: ,1
word: ,foley, amount: ,2
word: ,folk, amount: ,1
word: ,follow, amount: ,11
word: ,fone, amount: ,6
word: ,footbal, amount: ,2
word: ,footi, amount: ,1
word: ,for, amount: ,204
word: ,forget, amount: ,2
word: ,format, amount: ,1
word: ,forward, amount: ,4
word: ,found, amount: ,1
word: ,four, amount: ,1
word: ,fraction, amount: ,1
word: ,free, amount: ,219
word: ,freeday, amount: ,2
word: ,freeentri, amount: ,1
word: ,freefon, amount: ,4
word: ,freemessag, amount: ,1
word: ,freemsg, amount: ,12
word: ,freemsgfav, amount: ,1
word: ,freemsgfeelin, amount: ,1
word: ,freenokia, amount: ,1
word: ,freephon, amount: ,8
word: ,freerington, amount: ,1
word: ,freeringtonerepli, amount: ,1
word: ,freesend, amount: ,2
word: ,fri, amount: ,2
word: ,friend, amount: ,16
word: ,frnd, amount: ,6
word: ,frog, amount: ,1
word: ,frogaxel, amount: ,1
word: ,from, amount: ,129
word: ,fromm, amount: ,4
word: ,fun, amount: ,9
word: ,fund, amount: ,1
word: ,funk, amount: ,2
word: ,funki, amount: ,1
word: ,further, amount: ,3
word: ,futur, amount: ,4
word: ,g, amount: ,11
word: ,game, amount: ,25
word: ,gamestar, amount: ,2
word: ,garden, amount: ,2
word: ,gay, amount: ,6
word: ,gaytextbuddycom, amount: ,2
word: ,gb, amount: ,7
word: ,gbp, amount: ,5
word: ,gbpmonth, amount: ,1
word: ,gbpmtmsg, amount: ,3
word: ,gbpsm, amount: ,1
word: ,gbpweek, amount: ,3
word: ,gender, amount: ,2
word: ,gent, amount: ,2
word: ,genuin, amount: ,3
word: ,georg, amount: ,2
word: ,germani, amount: ,3
word: ,get, amount: ,87
word: ,getstop, amount: ,2
word: ,gettin, amount: ,2
word: ,getzedcouk, amount: ,1
word: ,gga, amount: ,2
word: ,ghost, amount: ,2
word: ,gift, amount: ,21
word: ,gigolo, amount: ,1
word: ,girl, amount: ,10
word: ,giv, amount: ,1
word: ,give, amount: ,8
word: ,glad, amount: ,1
word: ,global, amount: ,1
word: ,gmw, amount: ,1
word: ,gnarl, amount: ,1
word: ,go, amount: ,37
word: ,goal, amount: ,3
word: ,goalsteam, amount: ,1
word: ,god, amount: ,1
word: ,gold, amount: ,1
word: ,golddigg, amount: ,1
word: ,goldvik, amount: ,1
word: ,golf, amount: ,1
word: ,good, amount: ,12
word: ,goodi, amount: ,1
word: ,gossip, amount: ,1
word: ,got, amount: ,7
word: ,goten, amount: ,1
word: ,goto, amount: ,6
word: ,gotto, amount: ,1
word: ,gpr, amount: ,1
word: ,gr, amount: ,7
word: ,granit, amount: ,2
word: ,graphic, amount: ,1
word: ,gravel, amount: ,1
word: ,great, amount: ,11
word: ,grow, amount: ,2
word: ,grprize, amount: ,1
word: ,gsex, amount: ,1
word: ,gsoh, amount: ,1
word: ,guarante, amount: ,50
word: ,guess, amount: ,7
word: ,guy, amount: ,6
word: ,ha, amount: ,30
word: ,hack, amount: ,1
word: ,had, amount: ,18
word: ,half, amount: ,13
word: ,halloween, amount: ,3
word: ,handset, amount: ,6
word: ,happi, amount: ,1
word: ,hard, amount: ,3
word: ,hardcor, amount: ,2
word: ,harri, amount: ,4
word: ,hava, amount: ,1
word: ,have, amount: ,135
word: ,havent, amount: ,1
word: ,havin, amount: ,1
word: ,headset, amount: ,1
word: ,hear, amount: ,3
word: ,heard, amount: ,3
word: ,heart, amount: ,3
word: ,held, amount: ,1
word: ,helen, amount: ,1
word: ,hello, amount: ,3
word: ,helloy, amount: ,1
word: ,help, amount: ,23
word: ,helplin, amount: ,2
word: ,helpp, amount: ,3
word: ,henri, amount: ,2
word: ,her, amount: ,12
word: ,here, amount: ,6
word: ,hero, amount: ,1
word: ,herself, amount: ,2
word: ,hey, amount: ,5
word: ,hgsuiteland, amount: ,8
word: ,hgsuitelandsrowwjhl, amount: ,3
word: ,hi, amount: ,17
word: ,hide, amount: ,1
word: ,high, amount: ,3
word: ,highest, amount: ,1
word: ,him, amount: ,2
word: ,hit, amount: ,3
word: ,hl, amount: ,8
word: ,hlp, amount: ,2
word: ,hmv, amount: ,11
word: ,hockey, amount: ,1
word: ,hol, amount: ,3
word: ,holder, amount: ,6
word: ,holiday, amount: ,32
word: ,home, amount: ,2
word: ,homeown, amount: ,3
word: ,hoodi, amount: ,1
word: ,hope, amount: ,4
word: ,horni, amount: ,7
word: ,horniest, amount: ,1
word: ,horo, amount: ,2
word: ,hot, amount: ,15
word: ,hotel, amount: ,4
word: ,hotmix, amount: ,1
word: ,hottest, amount: ,1
word: ,hour, amount: ,6
word: ,hous, amount: ,1
word: ,housew, amount: ,2
word: ,how, amount: ,8
word: ,howev, amount: ,1
word: ,hp, amount: ,1
word: ,hr, amount: ,22
word: ,html, amount: ,1
word: ,httpaltocoukwavewaveaspo, amount: ,1
word: ,httpcareer, amount: ,2
word: ,httpdoit, amount: ,1
word: ,httpgotbabescouk, amount: ,1
word: ,httpimg, amount: ,1
word: ,httptm, amount: ,2
word: ,httpwap, amount: ,1
word: ,httpwwwbubbletextcom, amount: ,1
word: ,httpwwwetlpcoukexpressoff, amount: ,2
word: ,httpwwwetlpcoukreward, amount: ,1
word: ,httpwwwgrprizescom, amount: ,1
word: ,httpwwwurawinnercom, amount: ,6
word: ,httpwwwwtlpcouktext, amount: ,1
word: ,hubbi, amount: ,2
word: ,hungri, amount: ,2
word: ,hunk, amount: ,1
word: ,hurri, amount: ,1
word: ,hvae, amount: ,1
word: ,i, amount: ,54
word: ,ibh, amount: ,2
word: ,ibhltd, amount: ,3
word: ,ibiza, amount: ,4
word: ,ice, amount: ,1
word: ,id, amount: ,3
word: ,identifi, amount: ,16
word: ,idiot, amount: ,1
word: ,if, amount: ,32
word: ,ig, amount: ,1
word: ,ignor, amount: ,1
word: ,ill, amount: ,1
word: ,im, amount: ,13
word: ,immedi, amount: ,5
word: ,import, amount: ,12
word: ,improv, amount: ,2
word: ,in, amount: ,74
word: ,inc, amount: ,8
word: ,inclu, amount: ,1
word: ,includ, amount: ,2
word: ,inclus, amount: ,5
word: ,incorrect, amount: ,1
word: ,incred, amount: ,2
word: ,increment, amount: ,2
word: ,india, amount: ,1
word: ,indic, amount: ,2
word: ,info, amount: ,12
word: ,inforingtonekingcouk, amount: ,1
word: ,inform, amount: ,10
word: ,infotxtcouk, amount: ,1
word: ,infovipclubu, amount: ,1
word: ,infowwwpercentrealcom, amount: ,3
word: ,instal, amount: ,1
word: ,instant, amount: ,1
word: ,instantli, amount: ,1
word: ,instruct, amount: ,2
word: ,interflora, amount: ,2
word: ,internetservic, amount: ,1
word: ,into, amount: ,6
word: ,invad, amount: ,2
word: ,invit, amount: ,11
word: ,ip, amount: ,5
word: ,ipod, amount: ,12
word: ,is, amount: ,158
word: ,iscom, amount: ,2
word: ,island, amount: ,2
word: ,issu, amount: ,2
word: ,it, amount: ,40
word: ,itcould, amount: ,2
word: ,item, amount: ,1
word: ,ithi, amount: ,1
word: ,ive, amount: ,1
word: ,j, amount: ,1
word: ,jackpot, amount: ,2
word: ,jame, amount: ,1
word: ,jamster, amount: ,2
word: ,jamstercouk, amount: ,1
word: ,jamsterget, amount: ,1
word: ,jamz, amount: ,1
word: ,jane, amount: ,1
word: ,janinexx, amount: ,1
word: ,januari, amount: ,1
word: ,java, amount: ,5
word: ,jeri, amount: ,1
word: ,jersey, amount: ,1
word: ,jock, amount: ,1
word: ,join, amount: ,18
word: ,jordan, amount: ,2
word: ,jordantxt, amount: ,2
word: ,jorgeshock, amount: ,1
word: ,jsco, amount: ,2
word: ,jst, amount: ,1
word: ,juli, amount: ,2
word: ,june, amount: ,1
word: ,just, amount: ,77
word: ,jx, amount: ,1
word: ,k, amount: ,14
word: ,karaok, amount: ,1
word: ,kath, amount: ,1
word: ,kbsubject, amount: ,1
word: ,keep, amount: ,6
word: ,ken, amount: ,1
word: ,kept, amount: ,3
word: ,key, amount: ,1
word: ,keyword, amount: ,1
word: ,kick, amount: ,3
word: ,kickoff, amount: ,2
word: ,kinda, amount: ,1
word: ,king, amount: ,3
word: ,kingdom, amount: ,1
word: ,kiosk, amount: ,1
word: ,kit, amount: ,1
word: ,kl, amount: ,2
word: ,knicker, amount: ,1
word: ,knock, amount: ,2
word: ,know, amount: ,26
word: ,la, amount: ,2
word: ,ladi, amount: ,2
word: ,ladiesu, amount: ,1
word: ,laid, amount: ,3
word: ,laidwant, amount: ,1
word: ,land, amount: ,18
word: ,landlin, amount: ,34
word: ,landlineonli, amount: ,1
word: ,landmark, amount: ,1
word: ,lapdanc, amount: ,1
word: ,larg, amount: ,1
word: ,largest, amount: ,4
word: ,last, amount: ,13
word: ,lastest, amount: ,1
word: ,late, amount: ,1
word: ,latest, amount: ,37
word: ,laugh, amount: ,1
word: ,lawu, amount: ,1
word: ,lccltd, amount: ,2
word: ,ldn, amount: ,10
word: ,ldnwarw, amount: ,2
word: ,ldnwh, amount: ,3
word: ,le, amount: ,2
word: ,lead, amount: ,1
word: ,leadership, amount: ,1
word: ,learn, amount: ,2
word: ,leav, amount: ,2
word: ,left, amount: ,1
word: ,legitimat, amount: ,1
word: ,ler, amount: ,1
word: ,let, amount: ,5
word: ,libertin, amount: ,1
word: ,life, amount: ,3
word: ,lifetim, amount: ,2
word: ,like, amount: ,13
word: ,lili, amount: ,2
word: ,line, amount: ,37
word: ,linerent, amount: ,5
word: ,lingeri, amount: ,1
word: ,link, amount: ,6
word: ,lion, amount: ,3
word: ,lionm, amount: ,2
word: ,lionp, amount: ,2
word: ,listen, amount: ,3
word: ,littl, amount: ,3
word: ,live, amount: ,30
word: ,liverpool, amount: ,3
word: ,lkpoboxhpfl, amount: ,1
word: ,ll, amount: ,1
word: ,lnli, amount: ,1
word: ,load, amount: ,1
word: ,loan, amount: ,5
word: ,local, amount: ,5
word: ,locat, amount: ,5
word: ,log, amount: ,7
word: ,login, amount: ,5
word: ,logo, amount: ,5
word: ,logon, amount: ,1
word: ,logop, amount: ,3
word: ,logosmusicnew, amount: ,1
word: ,london, amount: ,4
word: ,lone, amount: ,1
word: ,look, amount: ,12
word: ,lookatm, amount: ,2
word: ,lookin, amount: ,1
word: ,lord, amount: ,1
word: ,lose, amount: ,1
word: ,lost, amount: ,2
word: ,lot, amount: ,2
word: ,lotr, amount: ,2
word: ,loung, amount: ,1
word: ,love, amount: ,10
word: ,lover, amount: ,2
word: ,lowcost, amount: ,1
word: ,loyal, amount: ,2
word: ,loyalti, amount: ,7
word: ,lp, amount: ,2
word: ,ls, amount: ,2
word: ,lsbb, amount: ,1
word: ,lshb, amount: ,2
word: ,ltd, amount: ,15
word: ,ltdhelpdesk, amount: ,1
word: ,ltdmtmsgrcvd, amount: ,1
word: ,luci, amount: ,2
word: ,luck, amount: ,6
word: ,lucki, amount: ,8
word: ,lucozad, amount: ,2
word: ,lucozadecoukwrc, amount: ,2
word: ,luv, amount: ,5
word: ,lux, amount: ,2
word: ,luxuri, amount: ,2
word: ,lyricalladief, amount: ,1
word: ,m, amount: ,23
word: ,macedonia, amount: ,1
word: ,mad, amount: ,2
word: ,made, amount: ,1
word: ,mailbox, amount: ,2
word: ,make, amount: ,13
word: ,male, amount: ,3
word: ,man, amount: ,1
word: ,manchest, amount: ,1
word: ,mandi, amount: ,1
word: ,mani, amount: ,3
word: ,maniac, amount: ,1
word: ,maq, amount: ,1
word: ,margin, amount: ,1
word: ,market, amount: ,1
word: ,marley, amount: ,1
word: ,marri, amount: ,2
word: ,marsm, amount: ,1
word: ,marvel, amount: ,1
word: ,mask, amount: ,1
word: ,mat, amount: ,1
word: ,match, amount: ,15
word: ,mate, amount: ,13
word: ,matrix, amount: ,3
word: ,matthew, amount: ,1
word: ,max, amount: ,3
word: ,maxim, amount: ,7
word: ,maximum, amount: ,1
word: ,maxmin, amount: ,6
word: ,maxmonth, amount: ,1
word: ,may, amount: ,7
word: ,mayb, amount: ,2
word: ,mbp, amount: ,2
word: ,mcflyall, amount: ,1
word: ,me, amount: ,30
word: ,meal, amount: ,1
word: ,med, amount: ,3
word: ,meet, amount: ,6
word: ,meetgreet, amount: ,2
word: ,meetin, amount: ,1
word: ,mega, amount: ,1
word: ,member, amount: ,8
word: ,membership, amount: ,2
word: ,men, amount: ,3
word: ,menu, amount: ,1
word: ,messag, amount: ,45
word: ,messagesim, amount: ,1
word: ,messagestext, amount: ,1
word: ,messagethank, amount: ,1
word: ,met, amount: ,1
word: ,mf, amount: ,1
word: ,mfl, amount: ,1
word: ,mg, amount: ,1
word: ,mid, amount: ,2
word: ,midnight, amount: ,1
word: ,mila, amount: ,2
word: ,million, amount: ,1
word: ,min, amount: ,54
word: ,minapn, amount: ,1
word: ,mind, amount: ,3
word: ,mini, amount: ,1
word: ,minmobsmorelkpoboxhpfl, amount: ,1
word: ,minscal, amount: ,1
word: ,minstext, amount: ,1
word: ,minstxtmth, amount: ,1
word: ,minut, amount: ,12
word: ,miss, amount: ,10
word: ,mistak, amount: ,1
word: ,mix, amount: ,3
word: ,mjzgroup, amount: ,1
word: ,mk, amount: ,1
word: ,mm, amount: ,1
word: ,mmsto, amount: ,1
word: ,mnth, amount: ,2
word: ,moan, amount: ,1
word: ,mob, amount: ,25
word: ,mobcudb, amount: ,1
word: ,mobi, amount: ,4
word: ,mobil, amount: ,136
word: ,mobilesdirect, amount: ,3
word: ,mobilesvari, amount: ,2
word: ,mobileupd, amount: ,16
word: ,mobno, amount: ,2
word: ,mobsicom, amount: ,1
word: ,mobstorequizppm, amount: ,1
word: ,money, amount: ,4
word: ,mono, amount: ,4
word: ,monoc, amount: ,1
word: ,month, amount: ,11
word: ,monthli, amount: ,1
word: ,monthlysubscriptionpmsg, amount: ,1
word: ,moon, amount: ,3
word: ,more, amount: ,30
word: ,morefrmmob, amount: ,2
word: ,moro, amount: ,1
word: ,morow, amount: ,1
word: ,morro, amount: ,1
word: ,most, amount: ,2
word: ,motorola, amount: ,11
word: ,movi, amount: ,2
word: ,mp, amount: ,6
word: ,mquiz, amount: ,1
word: ,mr, amount: ,2
word: ,mre, amount: ,1
word: ,ms, amount: ,3
word: ,msg, amount: ,35
word: ,msgp, amount: ,2
word: ,msgrcvd, amount: ,2
word: ,msgsp, amount: ,2
word: ,msgsubscript, amount: ,1
word: ,msgticketkioskvalid, amount: ,1
word: ,msgwe, amount: ,1
word: ,mtalk, amount: ,2
word: ,mth, amount: ,18
word: ,much, amount: ,1
word: ,munster, amount: ,2
word: ,music, amount: ,20
word: ,must, amount: ,5
word: ,mustprovid, amount: ,1
word: ,muz, amount: ,4
word: ,mxi, amount: ,2
word: ,my, amount: ,11
word: ,mymobi, amount: ,1
word: ,mysteri, amount: ,1
word: ,mytonecomenjoy, amount: ,1
word: ,n, amount: ,9
word: ,na, amount: ,10
word: ,nake, amount: ,1
word: ,name, amount: ,19
word: ,nasdaq, amount: ,2
word: ,nasti, amount: ,1
word: ,nat, amount: ,3
word: ,natali, amount: ,1
word: ,natalja, amount: ,2
word: ,nation, amount: ,12
word: ,nd, amount: ,20
word: ,nearli, amount: ,1
word: ,need, amount: ,11
word: ,neo, amount: ,1
word: ,netcollex, amount: ,4
word: ,network, amount: ,27
word: ,never, amount: ,1
word: ,new, amount: ,69
word: ,newest, amount: ,3
word: ,news, amount: ,10
word: ,next, amount: ,16
word: ,ngage, amount: ,1
word: ,nichol, amount: ,1
word: ,nick, amount: ,1
word: ,night, amount: ,8
word: ,nikiyunet, amount: ,1
word: ,nite, amount: ,4
word: ,no, amount: ,78
word: ,nok, amount: ,2
word: ,nokia, amount: ,72
word: ,nokiap, amount: ,1
word: ,nolin, amount: ,5
word: ,nookii, amount: ,1
word: ,norcorp, amount: ,1
word: ,norm, amount: ,2
word: ,normal, amount: ,1
word: ,normpton, amount: ,6
word: ,not, amount: ,24
word: ,noth, amount: ,4
word: ,notic, amount: ,3
word: ,notif, amount: ,1
word: ,notifi, amount: ,1
word: ,notxtcouk, amount: ,2
word: ,novemb, amount: ,1
word: ,now, amount: ,190
word: ,nownyt, amount: ,1
word: ,noworriesloanscom, amount: ,1
word: ,nowrepli, amount: ,1
word: ,nowsavamobmemb, amount: ,1
word: ,nowsend, amount: ,1
word: ,nowski, amount: ,2
word: ,nowt, amount: ,2
word: ,nowtc, amount: ,1
word: ,nowus, amount: ,1
word: ,nqp, amount: ,1
word: ,nr, amount: ,1
word: ,nt, amount: ,1
word: ,ntt, amount: ,10
word: ,ntwk, amount: ,4
word: ,number, amount: ,39
word: ,nyt, amount: ,2
word: ,nytecalpmsgp, amount: ,1
word: ,nyusa, amount: ,1
word: ,o, amount: ,6
word: ,ocoukgam, amount: ,2
word: ,of, amount: ,97
word: ,off, amount: ,4
word: ,offer, amount: ,39
word: ,offerth, amount: ,2
word: ,offic, amount: ,1
word: ,offici, amount: ,5
word: ,ofwd, amount: ,2
word: ,oh, amount: ,1
word: ,oja, amount: ,1
word: ,ok, amount: ,5
word: ,okmail, amount: ,1
word: ,old, amount: ,2
word: ,olymp, amount: ,1
word: ,on, amount: ,144
word: ,oncal, amount: ,1
word: ,one, amount: ,10
word: ,onli, amount: ,84
word: ,onto, amount: ,7
word: ,open, amount: ,1
word: ,oper, amount: ,15
word: ,opinion, amount: ,1
word: ,opt, amount: ,13
word: ,optin, amount: ,1
word: ,optout, amount: ,13
word: ,optoutdwv, amount: ,1
word: ,or, amount: ,188
word: ,orang, amount: ,28
word: ,order, amount: ,17
word: ,orig, amount: ,2
word: ,origin, amount: ,4
word: ,orno, amount: ,1
word: ,oroptouthvd, amount: ,1
word: ,orstoptxt, amount: ,3
word: ,otbox, amount: ,1
word: ,other, amount: ,4
word: ,ou, amount: ,1
word: ,our, amount: ,85
word: ,out, amount: ,56
word: ,outbid, amount: ,1
word: ,outgo, amount: ,1
word: ,over, amount: ,15
word: ,oz, amount: ,2
word: ,p, amount: ,73
word: ,pack, amount: ,2
word: ,packag, amount: ,1
word: ,page, amount: ,1
word: ,paid, amount: ,1
word: ,panason, amount: ,1
word: ,panther, amount: ,1
word: ,pari, amount: ,3
word: ,parisfre, amount: ,1
word: ,park, amount: ,1
word: ,part, amount: ,10
word: ,parti, amount: ,1
word: ,partner, amount: ,5
word: ,pass, amount: ,6
word: ,passion, amount: ,1
word: ,password, amount: ,3
word: ,paus, amount: ,1
word: ,pay, amount: ,2
word: ,pc, amount: ,6
word: ,pdatenow, amount: ,1
word: ,pday, amount: ,2
word: ,peak, amount: ,2
word: ,penc, amount: ,3
word: ,peopl, amount: ,3
word: ,per, amount: ,46
word: ,perfect, amount: ,1
word: ,person, amount: ,3
word: ,perweeksub, amount: ,1
word: ,perwksub, amount: ,2
word: ,pete, amount: ,1
word: ,pg, amount: ,1
word: ,ph, amount: ,1
word: ,phoenix, amount: ,2
word: ,phone, amount: ,58
word: ,phoni, amount: ,1
word: ,photo, amount: ,3
word: ,php, amount: ,3
word: ,pic, amount: ,21
word: ,pick, amount: ,6
word: ,picsfre, amount: ,2
word: ,pictur, amount: ,1
word: ,pictxt, amount: ,1
word: ,pin, amount: ,1
word: ,pink, amount: ,1
word: ,pix, amount: ,3
word: ,pl, amount: ,11
word: ,place, amount: ,5
word: ,planettalkinstantcom, amount: ,1
word: ,play, amount: ,20
word: ,player, amount: ,12
word: ,pleas, amount: ,57
word: ,plu, amount: ,7
word: ,plyr, amount: ,1
word: ,pm, amount: ,10
word: ,pmeg, amount: ,1
word: ,pmin, amount: ,26
word: ,pmmorefrommobilebremovedmobypoboxlsyf, amount: ,1
word: ,pmsg, amount: ,16
word: ,pmsgp, amount: ,2
word: ,pmsgrcvd, amount: ,1
word: ,pmsgrcvdhgsuitelandsrowwjhl, amount: ,4
word: ,pmt, amount: ,1
word: ,pmtmsg, amount: ,2
word: ,pmtmsgrcvd, amount: ,3
word: ,po, amount: ,30
word: ,pobox, amount: ,30
word: ,poboxldn, amount: ,1
word: ,poboxntf, amount: ,1
word: ,poboxntfp, amount: ,1
word: ,poboxowwq, amount: ,1
word: ,poboxoxwwq, amount: ,1
word: ,poboxtcrw, amount: ,1
word: ,poboxwtgp, amount: ,2
word: ,poboxwwq, amount: ,5
word: ,pocketbabecouk, amount: ,3
word: ,pod, amount: ,4
word: ,point, amount: ,16
word: ,pole, amount: ,1
word: ,poli, amount: ,26
word: ,polic, amount: ,1
word: ,polo, amount: ,2
word: ,polyc, amount: ,1
word: ,polyh, amount: ,2
word: ,polyp, amount: ,1
word: ,polyph, amount: ,3
word: ,polyphon, amount: ,5
word: ,polytruepixringtonesgam, amount: ,1
word: ,popcornjust, amount: ,1
word: ,porn, amount: ,4
word: ,posh, amount: ,1
word: ,post, amount: ,5
word: ,postcod, amount: ,3
word: ,potenti, amount: ,1
word: ,potter, amount: ,2
word: ,pound, amount: ,24
word: ,ppermesssubscript, amount: ,2
word: ,ppm, amount: ,44
word: ,ppmpoboxbhambx, amount: ,1
word: ,ppmsg, amount: ,1
word: ,pptxnormal, amount: ,1
word: ,pptxt, amount: ,2
word: ,prcvd, amount: ,1
word: ,prebook, amount: ,1
word: ,prem, amount: ,1
word: ,premier, amount: ,2
word: ,premium, amount: ,2
word: ,prepay, amount: ,2
word: ,prescripiton, amount: ,1
word: ,presenc, amount: ,1
word: ,presid, amount: ,1
word: ,presley, amount: ,1
word: ,press, amount: ,3
word: ,previou, amount: ,1
word: ,previous, amount: ,3
word: ,price, amount: ,18
word: ,privaci, amount: ,1
word: ,privat, amount: ,18
word: ,prize, amount: ,94
word: ,prizeawait, amount: ,1
word: ,prizeswith, amount: ,1
word: ,prizeto, amount: ,1
word: ,pro, amount: ,1
word: ,process, amount: ,1
word: ,prod, amount: ,1
word: ,profession, amount: ,1
word: ,profit, amount: ,3
word: ,promis, amount: ,1
word: ,promo, amount: ,2
word: ,promot, amount: ,1
word: ,prompt, amount: ,2
word: ,provid, amount: ,3
word: ,proze, amount: ,1
word: ,psm, amount: ,2
word: ,psp, amount: ,1
word: ,psychic, amount: ,1
word: ,pt, amount: ,2
word: ,ptext, amount: ,1
word: ,ptone, amount: ,5
word: ,ptxt, amount: ,2
word: ,pub, amount: ,2
word: ,purchas, amount: ,3
word: ,purpos, amount: ,4
word: ,pushbutton, amount: ,1
word: ,put, amount: ,1
word: ,pw, amount: ,1
word: ,pwk, amount: ,3
word: ,px, amount: ,1
word: ,q, amount: ,4
word: ,qlynnbv, amount: ,1
word: ,qualiti, amount: ,2
word: ,queri, amount: ,1
word: ,question, amount: ,10
word: ,questionstd, amount: ,2
word: ,quiz, amount: ,13
word: ,quizclub, amount: ,1
word: ,quizwin, amount: ,2
word: ,quot, amount: ,6
word: ,qxj, amount: ,4
word: ,r, amount: ,23
word: ,racal, amount: ,1
word: ,radio, amount: ,1
word: ,ralli, amount: ,4
word: ,randi, amount: ,2
word: ,randomli, amount: ,2
word: ,rate, amount: ,29
word: ,ratetc, amount: ,2
word: ,rayman, amount: ,1
word: ,rcd, amount: ,1
word: ,rct, amount: ,1
word: ,rcv, amount: ,4
word: ,rcvd, amount: ,7
word: ,re, amount: ,9
word: ,reach, amount: ,5
word: ,read, amount: ,1
word: ,reader, amount: ,2
word: ,readi, amount: ,6
word: ,real, amount: ,13
word: ,realiti, amount: ,2
word: ,realiz, amount: ,1
word: ,realli, amount: ,1
word: ,rec, amount: ,1
word: ,recd, amount: ,3
word: ,recdthirtyeight, amount: ,1
word: ,receipt, amount: ,3
word: ,receiv, amount: ,37
word: ,receivea, amount: ,2
word: ,recent, amount: ,5
word: ,reciev, amount: ,1
word: ,record, amount: ,6
word: ,recpt, amount: ,1
word: ,red, amount: ,1
word: ,redeem, amount: ,1
word: ,ree, amount: ,1
word: ,ref, amount: ,4
word: ,refer, amount: ,4
word: ,refundedthi, amount: ,1
word: ,refus, amount: ,4
word: ,regard, amount: ,1
word: ,regist, amount: ,6
word: ,regular, amount: ,1
word: ,releas, amount: ,1
word: ,remind, amount: ,2
word: ,remov, amount: ,7
word: ,renew, amount: ,3
word: ,rental, amount: ,12
word: ,rentl, amount: ,5
word: ,repeat, amount: ,1
word: ,repli, amount: ,110
word: ,repres, amount: ,10
word: ,request, amount: ,2
word: ,reschedul, amount: ,2
word: ,resent, amount: ,1
word: ,respond, amount: ,2
word: ,respons, amount: ,2
word: ,restrict, amount: ,1
word: ,resub, amount: ,1
word: ,resubmit, amount: ,1
word: ,result, amount: ,3
word: ,retriev, amount: ,2
word: ,reveal, amount: ,9
word: ,review, amount: ,4
word: ,reward, amount: ,10
word: ,rg, amount: ,1
word: ,rgd, amount: ,1
word: ,rgent, amount: ,1
word: ,right, amount: ,3
word: ,ring, amount: ,4
word: ,ringsreturn, amount: ,1
word: ,rington, amount: ,32
word: ,ringtonefrom, amount: ,1
word: ,ringtoneget, amount: ,2
word: ,ringtonek, amount: ,1
word: ,rip, amount: ,1
word: ,rock, amount: ,1
word: ,rodd, amount: ,1
word: ,rodger, amount: ,1
word: ,romant, amount: ,1
word: ,romcapspam, amount: ,1
word: ,room, amount: ,1
word: ,rose, amount: ,1
word: ,round, amount: ,1
word: ,row, amount: ,1
word: ,rowwjhl, amount: ,8
word: ,rp, amount: ,1
word: ,rpl, amount: ,1
word: ,rpli, amount: ,5
word: ,rreveal, amount: ,8
word: ,rstm, amount: ,2
word: ,rtking, amount: ,1
word: ,rude, amount: ,3
word: ,run, amount: ,1
word: ,s, amount: ,23
word: ,sae, amount: ,21
word: ,sale, amount: ,4
word: ,sam, amount: ,3
word: ,same, amount: ,1
word: ,sang, amount: ,1
word: ,santa, amount: ,4
word: ,sara, amount: ,1
word: ,saristar, amount: ,1
word: ,sat, amount: ,2
word: ,satisfi, amount: ,2
word: ,saturday, amount: ,7
word: ,sauci, amount: ,3
word: ,savamob, amount: ,13
word: ,save, amount: ,3
word: ,scalli, amount: ,1
word: ,scammer, amount: ,1
word: ,score, amount: ,3
word: ,scotland, amount: ,1
word: ,scotsman, amount: ,2
word: ,search, amount: ,2
word: ,season, amount: ,1
word: ,sec, amount: ,2
word: ,secret, amount: ,10
word: ,secretli, amount: ,2
word: ,secur, amount: ,1
word: ,sed, amount: ,1
word: ,see, amount: ,19
word: ,seed, amount: ,2
word: ,seem, amount: ,1
word: ,select, amount: ,31
word: ,self, amount: ,2
word: ,sell, amount: ,1
word: ,send, amount: ,69
word: ,sender, amount: ,1
word: ,sent, amount: ,10
word: ,sept, amount: ,3
word: ,serv, amount: ,1
word: ,servic, amount: ,72
word: ,set, amount: ,4
word: ,sex, amount: ,11
word: ,sexi, amount: ,15
word: ,sexiest, amount: ,1
word: ,sextextukcom, amount: ,1
word: ,sexual, amount: ,1
word: ,sexychat, amount: ,1
word: ,sf, amount: ,1
word: ,shag, amount: ,3
word: ,shi, amount: ,1
word: ,shinco, amount: ,1
word: ,shit, amount: ,1
word: ,shop, amount: ,14
word: ,shortcod, amount: ,1
word: ,shortli, amount: ,3
word: ,shot, amount: ,1
word: ,should, amount: ,7
word: ,show, amount: ,35
word: ,shracomorsglsuplt, amount: ,2
word: ,sic, amount: ,1
word: ,sign, amount: ,2
word: ,sim, amount: ,5
word: ,simonwatson, amount: ,1
word: ,simpl, amount: ,1
word: ,simpli, amount: ,3
word: ,simpson, amount: ,1
word: ,sinc, amount: ,2
word: ,sing, amount: ,2
word: ,singl, amount: ,6
word: ,sipix, amount: ,6
word: ,sir, amount: ,1
word: ,six, amount: ,3
word: ,sk, amount: ,3
word: ,skilgm, amount: ,3
word: ,skilgmetscswinawkageperwksub, amount: ,1
word: ,skill, amount: ,1
word: ,skillgam, amount: ,2
word: ,skillgamewinaweek, amount: ,1
word: ,skin, amount: ,1
word: ,skip, amount: ,1
word: ,skxh, amount: ,7
word: ,sky, amount: ,4
word: ,sleepingwith, amount: ,1
word: ,slide, amount: ,1
word: ,slo, amount: ,1
word: ,slomsg, amount: ,1
word: ,slow, amount: ,1
word: ,slower, amount: ,1
word: ,sm, amount: ,26
word: ,smart, amount: ,1
word: ,smartcal, amount: ,1
word: ,smartthough, amount: ,1
word: ,smash, amount: ,1
word: ,smithswitch, amount: ,1
word: ,smsservic, amount: ,1
word: ,smsshsexnetun, amount: ,1
word: ,sn, amount: ,1
word: ,snap, amount: ,1
word: ,snappi, amount: ,1
word: ,so, amount: ,26
word: ,soire, amount: ,1
word: ,sol, amount: ,7
word: ,some, amount: ,6
word: ,somebodi, amount: ,2
word: ,someon, amount: ,14
word: ,someonon, amount: ,1
word: ,song, amount: ,3
word: ,soni, amount: ,8
word: ,sonyericsson, amount: ,5
word: ,soon, amount: ,3
word: ,sorri, amount: ,3
word: ,sort, amount: ,1
word: ,sound, amount: ,2
word: ,soundtrack, amount: ,1
word: ,sp, amount: ,3
word: ,space, amount: ,2
word: ,spam, amount: ,1
word: ,spanish, amount: ,2
word: ,sparkl, amount: ,1
word: ,speak, amount: ,10
word: ,special, amount: ,21
word: ,specialcal, amount: ,8
word: ,speed, amount: ,1
word: ,speedchat, amount: ,2
word: ,spider, amount: ,1
word: ,spiderman, amount: ,1
word: ,spjanuari, amount: ,1
word: ,splashmobil, amount: ,1
word: ,spook, amount: ,5
word: ,sport, amount: ,7
word: ,sppok, amount: ,1
word: ,spree, amount: ,7
word: ,sprwm, amount: ,1
word: ,sptv, amount: ,2
word: ,sptyron, amount: ,4
word: ,ss, amount: ,2
word: ,st, amount: ,30
word: ,stadium, amount: ,1
word: ,stamp, amount: ,2
word: ,standard, amount: ,6
word: ,star, amount: ,3
word: ,start, amount: ,14
word: ,starwar, amount: ,3
word: ,statement, amount: ,16
word: ,station, amount: ,1
word: ,stay, amount: ,3
word: ,stchoicecouk, amount: ,1
word: ,std, amount: ,9
word: ,stdtxtrate, amount: ,1
word: ,stereophon, amount: ,1
word: ,stewarts, amount: ,1
word: ,sticki, amount: ,1
word: ,still, amount: ,7
word: ,stockport, amount: ,6
word: ,stolen, amount: ,1
word: ,stop, amount: ,116
word: ,stopbcm, amount: ,1
word: ,stopc, amount: ,1
word: ,stopcost, amount: ,1
word: ,stopsm, amount: ,1
word: ,stopsmsppm, amount: ,1
word: ,stopstop, amount: ,1
word: ,stoptx, amount: ,1
word: ,stoptxt, amount: ,4
word: ,stoptxtstop, amount: ,2
word: ,stoptxtstopweek, amount: ,1
word: ,store, amount: ,8
word: ,stori, amount: ,1
word: ,str, amount: ,2
word: ,straight, amount: ,2
word: ,stream, amount: ,1
word: ,street, amount: ,2
word: ,string, amount: ,1
word: ,strip, amount: ,1
word: ,stroke, amount: ,1
word: ,strong, amount: ,1
word: ,strongbuy, amount: ,2
word: ,strt, amount: ,1
word: ,stterm, amount: ,1
word: ,stuff, amount: ,1
word: ,sub, amount: ,10
word: ,subject, amount: ,1
word: ,subpoli, amount: ,3
word: ,subscrib, amount: ,9
word: ,subscribegbpmnth, amount: ,2
word: ,subscript, amount: ,5
word: ,subscriptngbpwk, amount: ,1
word: ,subscrit, amount: ,1
word: ,subsequ, amount: ,1
word: ,sue, amount: ,2
word: ,suffici, amount: ,1
word: ,sugabab, amount: ,1
word: ,suit, amount: ,2
word: ,sullivan, amount: ,1
word: ,summer, amount: ,9
word: ,sun, amount: ,1
word: ,sunshin, amount: ,8
word: ,super, amount: ,3
word: ,superb, amount: ,1
word: ,suppli, amount: ,3
word: ,supplier, amount: ,1
word: ,support, amount: ,2
word: ,suprman, amount: ,3
word: ,surpris, amount: ,5
word: ,survey, amount: ,1
word: ,suzi, amount: ,1
word: ,svc, amount: ,1
word: ,sw, amount: ,2
word: ,swap, amount: ,1
word: ,swat, amount: ,1
word: ,swss, amount: ,2
word: ,sxi, amount: ,1
word: ,symbol, amount: ,2
word: ,t, amount: ,14
word: ,ta, amount: ,1
word: ,take, amount: ,19
word: ,talk, amount: ,5
word: ,tariff, amount: ,6
word: ,tarot, amount: ,1
word: ,tattoo, amount: ,1
word: ,tb, amount: ,1
word: ,tbspersolvo, amount: ,1
word: ,tc, amount: ,50
word: ,tcllc, amount: ,1
word: ,tcrw, amount: ,3
word: ,tcsbcmwcnxx, amount: ,2
word: ,tcsbcmwcnxxcallcostppmmobilesvari, amount: ,1
word: ,tcsc, amount: ,1
word: ,tcsstop, amount: ,3
word: ,tctxt, amount: ,2
word: ,tddnewsletteremccouk, amount: ,1
word: ,team, amount: ,3
word: ,teenag, amount: ,1
word: ,tel, amount: ,1
word: ,telephon, amount: ,1
word: ,teletext, amount: ,1
word: ,tell, amount: ,18
word: ,ten, amount: ,1
word: ,tenant, amount: ,4
word: ,tenerif, amount: ,7
word: ,term, amount: ,10
word: ,termsappli, amount: ,1
word: ,text, amount: ,139
word: ,textand, amount: ,1
word: ,textbuddi, amount: ,2
word: ,textcomp, amount: ,1
word: ,textoper, amount: ,3
word: ,textpod, amount: ,2
word: ,textsweekend, amount: ,1
word: ,tfp, amount: ,1
word: ,tgxxrz, amount: ,1
word: ,th, amount: ,5
word: ,than, amount: ,2
word: ,thank, amount: ,15
word: ,that, amount: ,26
word: ,the, amount: ,204
word: ,thedailydraw, amount: ,1
word: ,their, amount: ,2
word: ,them, amount: ,2
word: ,themob, amount: ,3
word: ,themobhit, amount: ,1
word: ,themobyo, amount: ,1
word: ,then, amount: ,10
word: ,there, amount: ,15
word: ,theredo, amount: ,1
word: ,these, amount: ,5
word: ,thesmszonecom, amount: ,1
word: ,they, amount: ,15
word: ,theyr, amount: ,1
word: ,thfebtc, amount: ,1
word: ,thi, amount: ,87
word: ,thing, amount: ,3
word: ,think, amount: ,14
word: ,thmarch, amount: ,1
word: ,thnq, amount: ,1
word: ,thought, amount: ,1
word: ,thousand, amount: ,1
word: ,thur, amount: ,2
word: ,ticket, amount: ,3
word: ,tiger, amount: ,1
word: ,till, amount: ,3
word: ,time, amount: ,19
word: ,tip, amount: ,1
word: ,titl, amount: ,6
word: ,tkt, amount: ,4
word: ,tmobil, amount: ,3
word: ,tnc, amount: ,8
word: ,to, amount: ,686
word: ,toclaim, amount: ,6
word: ,today, amount: ,36
word: ,todayfrom, amount: ,2
word: ,toilet, amount: ,1
word: ,tom, amount: ,1
word: ,tomorrow, amount: ,10
word: ,ton, amount: ,1
word: ,tone, amount: ,73
word: ,tonesrepli, amount: ,1
word: ,tonesu, amount: ,2
word: ,tonesyoucouk, amount: ,2
word: ,tonex, amount: ,1
word: ,tonight, amount: ,4
word: ,too, amount: ,1
word: ,top, amount: ,17
word: ,toppoli, amount: ,1
word: ,total, amount: ,2
word: ,touch, amount: ,1
word: ,tour, amount: ,3
word: ,town, amount: ,3
word: ,toxic, amount: ,1
word: ,trackmarqu, amount: ,1
word: ,train, amount: ,1
word: ,transfer, amount: ,1
word: ,trav, amount: ,2
word: ,travel, amount: ,2
word: ,trebl, amount: ,1
word: ,tri, amount: ,38
word: ,trial, amount: ,1
word: ,trip, amount: ,4
word: ,tripl, amount: ,1
word: ,true, amount: ,3
word: ,truli, amount: ,3
word: ,trywal, amount: ,1
word: ,ts, amount: ,3
word: ,tsandc, amount: ,2
word: ,tsc, amount: ,20
word: ,tscswinawkag, amount: ,2
word: ,tsunami, amount: ,1
word: ,tulip, amount: ,2
word: ,tune, amount: ,1
word: ,turn, amount: ,1
word: ,tv, amount: ,6
word: ,twilight, amount: ,2
word: ,twink, amount: ,1
word: ,two, amount: ,1
word: ,txt, amount: ,164
word: ,txtauction, amount: ,4
word: ,txtauctiontxt, amount: ,2
word: ,txtcom, amount: ,1
word: ,txtin, amount: ,4
word: ,txting, amount: ,10
word: ,txtno, amount: ,2
word: ,txtp, amount: ,1
word: ,txtx, amount: ,1
word: ,type, amount: ,1
word: ,u, amount: ,155
word: ,ufind, amount: ,8
word: ,uk, amount: ,25
word: ,ukmobiled, amount: ,1
word: ,ukp, amount: ,1
word: ,ultim, amount: ,1
word: ,unabl, amount: ,2
word: ,unbreak, amount: ,2
word: ,unclaim, amount: ,1
word: ,unicef, amount: ,1
word: ,uniqu, amount: ,2
word: ,unit, amount: ,1
word: ,unkempt, amount: ,2
word: ,unlimit, amount: ,10
word: ,unredeem, amount: ,16
word: ,unsecur, amount: ,1
word: ,unsub, amount: ,7
word: ,unsubscrib, amount: ,19
word: ,untam, amount: ,2
word: ,until, amount: ,5
word: ,up, amount: ,21
word: ,upd, amount: ,2
word: ,updat, amount: ,19
word: ,updatenow, amount: ,2
word: ,upgrad, amount: ,4
word: ,upgrdcentr, amount: ,1
word: ,upload, amount: ,2
word: ,upto, amount: ,2
word: ,uptown, amount: ,1
word: ,ur, amount: ,144
word: ,urgent, amount: ,63
word: ,us, amount: ,8
word: ,use, amount: ,11
word: ,user, amount: ,8
word: ,usher, amount: ,2
word: ,utxt, amount: ,1
word: ,uu, amount: ,3
word: ,uve, amount: ,7
word: ,uz, amount: ,3
word: ,v, amount: ,5
word: ,valentin, amount: ,3
word: ,valid, amount: ,23
word: ,validhr, amount: ,3
word: ,valu, amount: ,11
word: ,vari, amount: ,6
word: ,variou, amount: ,1
word: ,vat, amount: ,1
word: ,vatian, amount: ,1
word: ,vco, amount: ,1
word: ,ve, amount: ,2
word: ,veri, amount: ,2
word: ,verifi, amount: ,3
word: ,via, amount: ,3
word: ,vid, amount: ,1
word: ,video, amount: ,30
word: ,videochat, amount: ,5
word: ,videop, amount: ,1
word: ,videophon, amount: ,5
word: ,videosound, amount: ,2
word: ,villa, amount: ,1
word: ,villag, amount: ,2
word: ,violet, amount: ,2
word: ,vip, amount: ,4
word: ,virgin, amount: ,2
word: ,visionsmscom, amount: ,2
word: ,visit, amount: ,7
word: ,voda, amount: ,5
word: ,vodafon, amount: ,6
word: ,voicemail, amount: ,3
word: ,vote, amount: ,1
word: ,voucher, amount: ,36
word: ,voucherstext, amount: ,1
word: ,vpod, amount: ,1
word: ,vu, amount: ,2
word: ,w, amount: ,1
word: ,wa, amount: ,11
word: ,wait, amount: ,19
word: ,walk, amount: ,1
word: ,wallpap, amount: ,2
word: ,wallpaperal, amount: ,1
word: ,wamma, amount: ,1
word: ,wan, amount: ,14
word: ,want, amount: ,31
word: ,wap, amount: ,10
word: ,warm, amount: ,2
word: ,warner, amount: ,2
word: ,warranti, amount: ,2
word: ,wat, amount: ,1
word: ,way, amount: ,1
word: ,wb, amount: ,7
word: ,wc, amount: ,1
word: ,wcn, amount: ,1
word: ,wcnxx, amount: ,4
word: ,we, amount: ,53
word: ,web, amount: ,2
word: ,webeburnin, amount: ,1
word: ,webmobil, amount: ,1
word: ,websit, amount: ,1
word: ,wed, amount: ,2
word: ,weddingfriend, amount: ,1
word: ,week, amount: ,63
word: ,weekend, amount: ,13
word: ,weekli, amount: ,24
word: ,weekstop, amount: ,2
word: ,welcom, amount: ,10
word: ,well, amount: ,7
word: ,were, amount: ,4
word: ,westlif, amount: ,2
word: ,wet, amount: ,2
word: ,what, amount: ,18
word: ,when, amount: ,12
word: ,where, amount: ,2
word: ,whi, amount: ,12
word: ,which, amount: ,8
word: ,while, amount: ,3
word: ,who, amount: ,49
word: ,whose, amount: ,1
word: ,wicklow, amount: ,2
word: ,wid, amount: ,5
word: ,widelivecomindex, amount: ,2
word: ,wife, amount: ,1
word: ,wild, amount: ,1
word: ,wildest, amount: ,1
word: ,will, amount: ,45
word: ,win, amount: ,62
word: ,winaweek, amount: ,2
word: ,winawk, amount: ,1
word: ,wine, amount: ,1
word: ,wing, amount: ,1
word: ,winner, amount: ,16
word: ,winnersclub, amount: ,1
word: ,winppmxag, amount: ,1
word: ,wirenet, amount: ,1
word: ,wish, amount: ,2
word: ,with, amount: ,109
word: ,wither, amount: ,1
word: ,within, amount: ,7
word: ,wiv, amount: ,2
word: ,wj, amount: ,2
word: ,wk, amount: ,24
word: ,wkend, amount: ,1
word: ,wkentp, amount: ,2
word: ,wkli, amount: ,14
word: ,wktxt, amount: ,1
word: ,wmlidadafirsttruec, amount: ,1
word: ,wmlidbaeceffffirsttruejul, amount: ,1
word: ,woman, amount: ,1
word: ,women, amount: ,1
word: ,won, amount: ,73
word: ,wont, amount: ,3
word: ,wood, amount: ,1
word: ,word, amount: ,22
word: ,wordcollect, amount: ,1
word: ,wordstart, amount: ,2
word: ,work, amount: ,3
word: ,world, amount: ,2
word: ,worth, amount: ,13
word: ,wot, amount: ,1
word: ,would, amount: ,4
word: ,wow, amount: ,2
word: ,wp, amount: ,3
word: ,wq, amount: ,1
word: ,wquestion, amount: ,1
word: ,wrc, amount: ,2
word: ,wrg, amount: ,1
word: ,wrote, amount: ,1
word: ,ws, amount: ,1
word: ,wt, amount: ,1
word: ,wtji, amount: ,1
word: ,wu, amount: ,3
word: ,wwq, amount: ,6
word: ,wwwapplausestorecom, amount: ,1
word: ,wwwareyouuniquecouk, amount: ,1
word: ,wwwasjesuscom, amount: ,1
word: ,wwwbiz, amount: ,1
word: ,wwwbridalpetticoatdreamscouk, amount: ,1
word: ,wwwbutelecom, amount: ,1
word: ,wwwcashbincouk, amount: ,1
word: ,wwwclubmobycom, amount: ,1
word: ,wwwclubzedcouk, amount: ,1
word: ,wwwcnupdatescomnewslett, amount: ,1
word: ,wwwcom, amount: ,2
word: ,wwwcomuknet, amount: ,5
word: ,wwwdbuknet, amount: ,2
word: ,wwwflirtpartyu, amount: ,1
word: ,wwwgambtv, amount: ,1
word: ,wwwgetzedcouk, amount: ,9
word: ,wwwidewcom, amount: ,2
word: ,wwwldewcom, amount: ,2
word: ,wwwldewcomsubswinppmx, amount: ,2
word: ,wwwldewcomwinppmxag, amount: ,4
word: ,wwwldewcomwinppmxagesubscript, amount: ,1
word: ,wwwmovietriviatv, amount: ,2
word: ,wwwmusictrivianet, amount: ,1
word: ,wwworangecoukow, amount: ,1
word: ,wwwphbcom, amount: ,1
word: ,wwwregalportfoliocouk, amount: ,1
word: ,wwwringtonekingcouk, amount: ,1
word: ,wwwringtonescouk, amount: ,4
word: ,wwwrtfsphostingcom, amount: ,1
word: ,wwwsantacallingcom, amount: ,1
word: ,wwwshortbreaksorguk, amount: ,1
word: ,wwwsmsacubootydeli, amount: ,1
word: ,wwwsmsacugoldvik, amount: ,1
word: ,wwwsmsacuhmmross, amount: ,1
word: ,wwwsmsacunat, amount: ,2
word: ,wwwsmsacunataliek, amount: ,1
word: ,wwwsmsconet, amount: ,2
word: ,wwwtcbiz, amount: ,5
word: ,wwwtelediscountcouk, amount: ,1
word: ,wwwtextcompcom, amount: ,2
word: ,wwwtextpodnet, amount: ,2
word: ,wwwtklscom, amount: ,1
word: ,wwwtxtcom, amount: ,2
word: ,wwwtxtshopcom, amount: ,2
word: ,wwwtxttowincouk, amount: ,2
word: ,wwwwincouk, amount: ,2
word: ,wwx, amount: ,4
word: ,x, amount: ,12
word: ,xafter, amount: ,1
word: ,xchat, amount: ,5
word: ,xclusiveclubsaisai, amount: ,1
word: ,xma, amount: ,15
word: ,xnet, amount: ,1
word: ,xpw, amount: ,1
word: ,xpwk, amount: ,5
word: ,xt, amount: ,1
word: ,xx, amount: ,5
word: ,xxsp, amount: ,1
word: ,xxuk, amount: ,1
word: ,xxx, amount: ,12
word: ,xxxmobilemovieclub, amount: ,1
word: ,xxxmobilemovieclubcomnqjkgighjjgcbl, amount: ,1
word: ,xxxx, amount: ,1
word: ,xxxxx, amount: ,1
word: ,xxxxxx, amount: ,2
word: ,xxxxxxx, amount: ,3
word: ,xxxxxxxxx, amount: ,3
word: ,xyour, amount: ,1
word: ,y, amount: ,1
word: ,ya, amount: ,1
word: ,yahoo, amount: ,2
word: ,yard, amount: ,1
word: ,ye, amount: ,21
word: ,yeah, amount: ,1
word: ,year, amount: ,13
word: ,yer, amount: ,4
word: ,yesterday, amount: ,3
word: ,yet, amount: ,2
word: ,yf, amount: ,1
word: ,ymca, amount: ,1
word: ,yo, amount: ,1
word: ,yoher, amount: ,1
word: ,you, amount: ,287
word: ,youll, amount: ,1
word: ,your, amount: ,280
word: ,yourinclus, amount: ,1
word: ,yourself, amount: ,1
word: ,youto, amount: ,1
word: ,youv, amount: ,4
word: ,yr, amount: ,20
word: ,yt, amount: ,1
word: ,zebra, amount: ,1
word: ,zed, amount: ,6
word: ,zf, amount: ,1
word: ,zoe, amount: ,1
word: ,zouk, amount: ,1
word: ,zs, amount: ,1
